{
  "api_key": "YOUR_CLIEN_KEY",
  "power_on": true,
  "tiktok": {
    "delayClick": 500,
    "delaySwipe": 15,
    "loop": true,
    "isActive": true
  },
  "funcaptcha": {
    "delayClick": 100,
    "loop": true,
    "isActive": true
  },
  "zalo": {
    "delayClick": 100,
    "loop": true,
    "isActive": true
  },
  "shopee": {
    "delaySwipe": 15,
    "loop": true,
    "isActive": true
  },
  "reCaptchav2": {
    "delayClick": 500,
    "loop": true,
    "isActive": true
  }
}